수목ID,수종,상태,위도,경도
1,이팝나무,고사(전도),37.606007,126.688455
2,이팝나무,고사(수간수피 탈락),37.605937,126.688445
3,이팝나무,고사진행,37.60586,126.688459
4,이팝나무,고사진행(80%),37.60608,126.688716
5,에메랄드그린,고사진행(80%),37.606115,126.689248
6,소나무(반송),고사,37.606453,126.690113
7,에메랄드그린,고사진행(30%),37.606561,126.690197
8,에메랄드그린,고사,37.606604,126.690237
9,에메랄드그린,고사,37.606602,126.690412
10,에메랄드그린,고사진행(30%),37.606636,126.690367
11,에메랄드그린,고사,37.60678,126.690341
12,에메랄드그린,고사,37.606719,126.690256
13,에메랄드그린,고사,37.606789,126.690247
14,에메랄드그린,고사,37.606822,126.690176
15,에메랄드그린,고사,37.606901,126.690122
16,느티나무,고사,37.606971,126.690119
17,우산고로쇠,고사,37.606885,126.689981
18,소나무(반송),고사,37.606919,126.69
19,청단풍,고사/4주(3주 벌목),37.606872,126.69027
20,측백나무,고사(벌목),37.606989,126.690156
21,에메랄드그린,고사(벌목),37.606759,126.690287
22,백합나무,고사,37.606588,126.690104
23,백합나무,고사(벌목),37.606464,126.690138
24,백합나무,고사(벌목),37.606482,126.690161
25,백합나무,고사(벌목),37.606491,126.690183
26,백합나무,고사(벌목),37.606498,126.690203
27,백합나무,고사(벌목),37.606514,126.690226
28,백합나무,고사(벌목),37.606545,126.690243
29,백합나무,고사(벌목),37.606541,126.690268
30,백합나무,고사(벌목),37.606561,126.690296
31,백합나무,고사(벌목),37.606584,126.690305
32,백합나무,고사(벌목),37.606611,126.690313
33,백합나무,고사(벌목),37.606667,126.690336
34,백합나무,고사(벌목),37.606584,126.690339
35,백합나무,고사(벌목),37.606559,126.690322
36,백합나무,고사(벌목),37.606679,126.690367
37,백합나무,고사(벌목),37.606543,126.690322
38,백합나무,고사(벌목),37.606634,126.690449
39,백합나무,고사(벌목),37.606627,126.690409
40,백합나무,고사(벌목),37.606645,126.690327
41,백합나무,고사(벌목),37.606661,126.690432
42,백합나무,고사(벌목),37.606507,126.690064
43,백합나무,고사(벌목),37.606525,126.690067
44,백합나무,고사(벌목),37.606547,126.690073
45,백합나무,고사(벌목),37.60657,126.690087
46,백합나무,고사(벌목),37.606606,126.690115
47,백합나무,고사(벌목),37.606624,126.690126
48,백합나무,고사(벌목),37.606644,126.690143
49,백합나무,고사(벌목),37.606667,126.69016
50,백합나무,고사(벌목),37.606549,126.690002
51,백합나무,고사(벌목),37.60657,126.690019
52,백합나무,고사(벌목),37.60661,126.690047
53,백합나무,고사(벌목),37.606644,126.69007
54,백합나무,고사(벌목),37.606678,126.690095
55,왕벚나무,고사(벌목),37.606585,126.689911
56,왕벚나무,고사(벌목),37.606727,126.689993
57,대왕참나무,고사(벌목),37.606797,126.690026
58,백목련,고사(벌목),37.606871,126.689904
59,소나무(반송),고사(벌목),37.606864,126.689862
60,아로니아,고사(벌목),37.606855,126.689825
61,스트로브잣나무,고사,37.607084,126.689691
62,소나무(반송),고사,37.607204,126.689742
63,소나무(반송),고사,37.607316,126.689665
64,에메랄드그린,고사,37.607294,126.689546
65,소나무(반송),고사,37.607268,126.689368
66,에메랄드그린,고사(벌목),37.607363,126.689413
67,소나무(반송),고사진행(50%),37.607505,126.689471
68,스트로브잣나무,고사,37.60757,126.689454
69,단풍나무,고사진행(90%),37.607771,126.689371
70,단풍나무,고사(벌목),37.607793,126.68934
71,단풍나무,고사(벌목),37.607771,126.689334
72,단풍나무,고사(벌목),37.60824,126.688913
73,백합나무,고사(벌목),37.608208,126.688826
74,백합나무,고사(벌목),37.608195,126.689004
75,백합나무,고사(벌목),37.608142,126.689163
76,백합나무,고사(벌목),37.608103,126.689115
77,백합나무,고사(벌목),37.60815,126.688976
78,백합나무,고사(벌목),37.608157,126.688829
79,백합나무,고사(벌목),37.608129,126.688755
80,백합나무,고사(벌목),37.608118,126.688713
81,백합나무,고사(벌목),37.608089,126.688682
82,백합나무,고사(벌목),37.60805,126.688648
83,백합나무,고사(벌목),37.608014,126.688623
84,산딸나무,고사,37.607984,126.688985
85,산딸나무,고사,37.607972,126.688999
86,산딸나무,고사,37.60797,126.688977
87,단풍나무,고사,37.608033,126.689042
88,산사나무,고사,37.608051,126.68901
89,산수유,고사,37.608072,126.689022
90,산수유,고사,37.608076,126.688999
91,산수유,고사,37.60808,126.688974
92,스트로브잣나무,고사,37.608089,126.688988
93,백합나무,고사(벌목),37.608152,126.688659
94,백합나무,고사(벌목),37.608136,126.688614
95,백합나무,고사(벌목),37.608095,126.688549
96,백합나무,고사(벌목),37.608045,126.688484
97,왕벚나무,고사(벌목),37.60802,126.68843
98,스트로브잣나무,고사(벌목),37.607984,126.688385
99,꽃사과,고사(벌목),37.60795,126.688297
100,스트로브잣나무,고사(벌목)/3주,37.607846,126.688125
101,팥배나무,고사,37.607724,126.68791
102,팥배나무,고사,37.607719,126.687888
103,산딸나무,고사,37.607656,126.68778
104,단풍나무,고사(벌목)/6주,37.607613,126.687718
105,단풍나무,고사/5주,37.607557,126.687608
106,단풍나무,고사/3주,37.60734,126.68751
107,단풍나무,고사,37.607275,126.687632
108,전나무(젓나무),고사,37.607282,126.687533
109,소나무(장송),고사(벌목),37.607381,126.687598
110,매실나무,고사,37.607287,126.687847
111,소나무(반송),고사,37.606859,126.687976
112,산수유,고사,37.606713,126.68807
113,스트로브잣나무,고사/3주,37.606809,126.687821
114,복자기,고사(벌목)/3주,37.606506,126.688012
115,칠엽수,고사(벌목),37.606445,126.688088
116,칠엽수,고사(벌목),37.606346,126.688095
117,칠엽수,고사(벌목),37.606344,126.688225
118,복자기,고사(벌목),37.606344,126.688146
119,칠엽수,고사(벌목),37.606398,126.688256
120,전나무(젓나무),고사/6주,37.606166,126.688206
121,팥배나무,고사/2주,37.606516,126.688649
122,복자기,고사,37.606461,126.689031
123,대왕참나무,고사(벌목),37.606446,126.689447
124,팽나무,고사,37.6067,126.689285
125,주목,고사,37.606786,126.689344
126,소나무(장송),고사(벌목),37.606861,126.689398
127,둥근사철,고사,37.607013,126.689148
128,대왕참나무,고사,37.606869,126.689049
129,단풍나무,고사,37.606995,126.689029
130,산딸나무,고사,37.607042,126.688893
131,팽나무,고사(벌목)/11주,37.607124,126.688499
132,팽나무,고사(벌목),37.607189,126.689025
133,팽나무,고사(벌목),37.607269,126.688849
134,소나무(장송),고사,37.607049,126.689097
135,소나무(장송),고사(벌목),37.607263,126.689141
136,소나무(장송),고사,37.607288,126.689141
137,산딸나무,고사/2주(1주 벌목),37.606655,126.689257
