"번호","수종","상태","위도","경도"
"53","단풍나무","지제부부후(심)","37.415511","126.618687"
"52","단풍나무","지제부부후(심)","37.415718","126.618511"
"51","단풍나무","고사","37.415723","126.618732"
"50","단풍나무","고사","37.415717","126.618895"
"49","단풍나무","고사진행","37.415653","126.618853"
"48","단풍나무","고사","37.415649","126.61893"
"47","대나무","고사","37.415652","126.619167"
"46","소나무(장송)","고사","37.415852","126.619022"
"45","소나무(장송)","고사","37.415801","126.620654"
"44","소나무(장송)","고사","37.415771","126.620951"
"43","주목","가지고사(심)","37.415804","126.620784"
"42","주목","가지고사(심)","37.415923","126.620786"
"41","주목","가지고사(심)","37.415889","126.620787"
"40","주목","가지고사(심)","37.415651","126.620785"
"39","소나무(장송)","고사","37.415606","126.620907"
"38","주목","고사","37.415585","126.620783"
"37","소나무(장송)","지제부부후(심)","37.415487","126.620354"
"36","배롱나무","","37.415461","126.620088"
"35","배롱나무","고사","37.415459","126.620029"
"34","배롱나무","고사","37.41547","126.619933"
"33","산딸나무","고사","37.415291","126.619708"
"32","배롱나무","고사","37.415258","126.619779"
"31","소나무(장송)","","37.415304","126.619485"
"30","소나무(장송)","고사","37.415288","126.619451"
"29","소나무(장송)","고사","37.415249","126.619225"
"28","소나무(장송)","고사","37.41552","126.618831"
"27","소나무(장송)","고사","37.415439","126.618623"
"26","소나무(장송)","고사","37.41545","126.618693"
"25","소나무(장송)","고사","37.415311","126.618725"
"24","소나무(장송)","고사","37.415303","126.618528"
"23","청단풍","","37.415719","126.618209"
"22","서양측백","고사","37.416258","126.618509"
"21","대왕참나무","고사","37.41632","126.618655"
"20","매실나무","고사","37.416231","126.619195"
"19","서양측백","고사","37.41627","126.619401"
"18","서양측백","고사","37.416237","126.620364"
"17","팽나무","","37.416101","126.62065"
"16","팽나무","","37.416068","126.620927"
"15","매실나무","고사","37.416274","126.6214"
"14","서양측백","고사","37.416287","126.621285"
"13","목련","고사","37.416143","126.621333"
"12","꽃사과","고사","37.416221","126.620943"
"11","꽃사과","고사","37.41625","126.620983"
"10","칠자화","","37.415291","126.62164"
"9","팽나무","","37.415017","126.619817"
"8","팽나무","","37.414985","126.619749"
"7","배롱나무","","37.414795","126.619386"
"6","구골목서","","37.414835","126.618516"
"5","왕벚나무","고사","37.415022","126.618569"
"4","팽나무","","37.414838","126.618253"
"3","팽나무","","37.414863","126.618211"
"2","왕벚나무","","37.415108","126.618116"
"1","주목","","37.41539","126.618118"
